provider,lat,lon,num_stops_per_week,score
Votran,28.86817,-80.84835,7,1
Votran,28.86407,-80.85139,14,1
Votran,29.19904,-81.01652,49,1
Votran,29.02414,-80.92651,31,1
Votran,28.87734,-80.85322,7,1
Votran,28.88285,-80.85585,7,1
Votran,28.88234,-80.85563,7,1
Votran,28.89262,-80.86049,7,1
Votran,28.89747,-80.86234,7,1
Votran,28.89735,-80.86232,7,1
Votran,28.90042,-80.8635,7,1
Votran,28.9041,-80.8649,7,1
Votran,28.90491,-80.8652,7,1
Votran,28.91227,-80.86796,7,1
Votran,28.91191,-80.8678,7,1
Votran,28.92061,-80.872,7,1
Votran,28.92176,-80.87252,7,1
Votran,28.92924,-80.87612,7,1
Votran,28.92879,-80.87593,7,1
Votran,28.93695,-80.87984,7,1
Votran,28.94296,-80.88229,7,1
Votran,28.94192,-80.88197,7,1
Votran,28.94784,-80.88414,60,1
Votran,28.95259,-80.88553,30,1
Votran,28.95811,-80.88781,30,1
Votran,28.94751,-80.88907,30,1
Votran,28.96266,-80.89019,30,1
Votran,28.94748,-80.89157,30,1
Votran,28.96576,-80.89198,30,1
Votran,28.96841,-80.89348,30,1
Votran,28.94715,-80.89391,30,1
Votran,28.97095,-80.89506,30,1
Votran,28.94639,-80.89616,30,1
Votran,28.97286,-80.8961,30,1
Votran,28.97396,-80.89683,30,1
Votran,28.97473,-80.89745,30,1
Votran,28.97192,-80.89781,30,1
Votran,28.94581,-80.89778,30,1
Votran,28.97588,-80.89808,30,1
Votran,28.94526,-80.89937,30,1
Votran,28.97979,-80.90068,30,1
Votran,28.94466,-80.90112,30,1
Votran,28.98262,-80.9025,30,1
Votran,28.98339,-80.9029,30,1
Votran,28.944,-80.90302,30,1
Votran,28.9694,-80.90313,30,1
Votran,28.98452,-80.90373,30,1
Votran,28.98631,-80.90482,30,1
Votran,28.98668,-80.90495,30,1
Votran,28.98827,-80.90602,30,1
Votran,28.98881,-80.90625,30,1
Votran,28.94329,-80.90626,30,1
Votran,28.98882,-80.9064,30,1
Votran,28.99037,-80.90722,30,1
Votran,28.99128,-80.90777,30,1
Votran,28.94749,-80.90813,30,1
Votran,28.96759,-80.90844,30,1
Votran,28.95085,-80.90962,30,1
Votran,28.99677,-80.91037,30,1
Votran,28.9963,-80.91024,30,1
Votran,28.95485,-80.91139,30,1
Votran,28.99928,-80.91166,30,1
Votran,28.96639,-80.91191,30,1
Votran,29.00079,-80.91239,30,1
Votran,29.00202,-80.91281,30,1
Votran,28.95839,-80.91296,30,1
Votran,28.96542,-80.9147,30,1
Votran,29.00436,-80.91427,30,1
Votran,29.24248,-81.0399,85,1
Votran,28.96487,-80.91586,30,1
Votran,29.00426,-80.91577,25,1
Votran,29.00555,-80.9159,30,1
Votran,29.0067,-80.91796,30,1
Votran,29.0067,-80.918,30,1
Votran,29.23647,-81.03654,49,1
Votran,29.21739,-81.02629,24,1
Votran,29.07988,-80.92858,25,1
Votran,29.01955,-80.92449,30,1
Votran,29.08501,-80.93226,25,1
Votran,29.02363,-80.92633,30,1
Votran,29.08444,-80.92616,25,1
Votran,29.02576,-80.9274,54,1
Votran,29.00086,-80.92741,25,1
Votran,29.02771,-80.92829,30,1
Votran,29.03064,-80.92886,30,1
Votran,29.08023,-80.92924,25,1
Votran,29.08962,-80.9302,25,1
Votran,29.08963,-80.93126,25,1
Votran,29.03394,-80.93064,30,1
Votran,29.03455,-80.93065,32,1
Votran,29.0835,-80.93092,25,1
Votran,29.09255,-80.93244,25,1
Votran,29.09371,-80.93332,25,1
Votran,29.04011,-80.93356,32,1
Votran,29.04195,-80.93383,32,1
Votran,29.04148,-80.93405,30,1
Votran,29.04498,-80.93478,30,1
Votran,29.04671,-80.93544,30,1
Votran,29.09004,-80.93557,25,1
Votran,29.05592,-80.94032,32,1
Votran,29.0569,-80.94093,30,1
Votran,29.10452,-80.94191,25,1
Votran,29.1092,-80.94433,25,1
Votran,29.10943,-80.94441,25,1
Votran,29.06599,-80.94624,32,1
Votran,29.06572,-80.94639,30,1
Votran,29.06972,-80.949,32,1
Votran,29.0707,-80.95008,30,1
Votran,29.1192,-80.95068,25,1
Votran,29.11903,-80.95051,25,1
Votran,29.07341,-80.95082,32,1
Votran,29.07305,-80.95104,30,1
Votran,29.12079,-80.95167,25,1
Votran,29.12467,-80.95395,25,1
Votran,29.12798,-80.95581,25,1
Votran,29.12819,-80.95596,25,1
Votran,29.13012,-80.95704,25,1
Votran,29.12968,-80.95684,25,1
Votran,29.13107,-80.95768,25,1
Votran,29.13311,-80.95884,25,1
Votran,29.13274,-80.95868,25,1
Votran,29.13554,-80.96026,25,1
Votran,29.13833,-80.96215,25,1
Votran,29.13928,-80.96275,25,1
Votran,29.1394,-80.96272,25,1
Votran,29.14281,-80.96456,25,1
Votran,29.14273,-80.9646,25,1
Votran,29.14453,-80.96551,25,1
Votran,29.14481,-80.96571,25,1
Votran,29.14606,-80.96633,25,1
Votran,29.14614,-80.96643,25,1
Votran,29.14744,-80.96717,25,1
Votran,29.14934,-80.96807,25,1
Votran,29.14935,-80.96812,25,1
Votran,29.15017,-80.96858,25,1
Votran,29.15127,-80.96916,96,1
Votran,29.15203,-80.96953,56,1
Votran,29.15228,-80.96968,96,1
Votran,29.09958,-80.97056,32,1
Votran,29.10196,-80.97142,30,1
Votran,29.15448,-80.97079,66,1
Votran,29.15043,-80.971,67,1
Votran,29.09588,-80.97088,30,1
Votran,29.15442,-80.97081,51,1
Votran,29.15028,-80.9711,66,1
Votran,29.1566,-80.97205,91,1
Votran,29.10597,-80.97286,32,1
Votran,29.10561,-80.97287,30,1
Votran,29.10811,-80.9731,46,1
Votran,29.1114,-80.97319,46,1
Votran,29.11104,-80.9734,79,1
Votran,29.15953,-80.97377,66,1
Votran,29.15956,-80.97381,84,1
Votran,29.11559,-80.97405,46,1
Votran,29.11411,-80.97362,79,1
Votran,29.11552,-80.97411,79,1
Votran,29.16048,-80.97433,84,1
Votran,29.16124,-80.9747,91,1
Votran,29.11748,-80.97494,46,1
Votran,29.162,-80.97504,12,1
Votran,29.16331,-80.97547,91,1
Votran,29.16308,-80.9754,51,1
Votran,29.12135,-80.97657,79,1
Votran,29.1219,-80.9768,46,1
Votran,29.16684,-80.9776,33,1
Votran,29.16578,-80.97706,51,1
Votran,29.16668,-80.97757,12,1
Votran,29.10923,-80.97836,81,1
Votran,29.16757,-80.97794,91,1
Votran,29.12486,-80.97832,79,1
Votran,29.16808,-80.97825,96,1
Votran,29.12535,-80.97851,46,1
Votran,29.16927,-80.97882,91,1
Votran,29.16921,-80.97881,84,1
Votran,29.10993,-80.97909,46,1
Votran,29.14641,-80.97948,56,1
Votran,29.12753,-80.97961,46,1
Votran,29.17145,-80.97998,84,1
Votran,29.12711,-80.97946,79,1
Votran,29.17102,-80.97972,91,1
Votran,29.11057,-80.97965,81,1
Votran,29.14625,-80.97996,57,1
Votran,29.11104,-80.98005,46,1
Votran,29.1294,-80.98095,46,1
Votran,29.12955,-80.98117,79,1
Votran,29.11325,-80.98186,46,1
Votran,29.13162,-80.98243,46,1
Votran,29.132,-80.98262,79,1
Votran,29.1768,-80.98319,91,1
Votran,29.26969,-81.05492,34,1
Votran,29.1769,-80.98327,84,1
Votran,29.13536,-80.98366,79,1
Votran,29.13607,-80.98386,46,1
Votran,29.1148,-80.9843,46,1
Votran,29.17948,-80.98457,91,1
Votran,29.13721,-80.98441,79,1
Votran,29.13762,-80.9845,46,1
Votran,29.13928,-80.98526,46,1
Votran,29.13887,-80.9852,79,1
Votran,29.18084,-80.98531,81,1
Votran,29.18095,-80.9854,51,1
Votran,29.14376,-80.98527,57,1
Votran,29.14365,-80.9854,56,1
Votran,29.18056,-80.9852,33,1
Votran,29.11535,-80.98603,81,1
Votran,29.18194,-80.98595,81,1
Votran,29.18143,-80.9857,96,1
Votran,29.14207,-80.98669,46,1
Votran,29.11537,-80.98691,46,1
Votran,29.14229,-80.98694,79,1
Votran,29.18486,-80.98727,31,1
Votran,29.18487,-80.98749,25,1
Votran,29.18502,-80.98755,25,1
Votran,29.11565,-80.98725,81,1
Votran,29.1849,-80.98754,96,1
Votran,29.14323,-80.98714,66,1
Votran,29.14307,-80.98738,79,1
Votran,29.14331,-80.98818,133,1
Votran,29.14371,-80.99125,37,1
Votran,29.18693,-80.98856,96,1
Votran,29.18724,-80.98869,56,1
Votran,29.18732,-80.9887,25,1
Votran,29.14496,-80.98865,65,1
Votran,29.1891,-80.98962,25,1
Votran,29.18947,-80.98979,81,1
Votran,29.18883,-80.98952,45,1
Votran,29.14764,-80.98967,81,1
Votran,29.14834,-80.98999,78,1
Votran,29.14907,-80.99033,78,1
Votran,29.19057,-80.99039,96,1
Votran,29.19216,-80.99112,81,1
Votran,29.15009,-80.99087,81,1
Votran,29.19155,-80.9911,33,1
Votran,29.19203,-80.99112,51,1
Votran,29.15136,-80.99145,78,1
Votran,29.14287,-80.99142,24,1
Votran,29.19285,-80.9915,50,1
Votran,29.19287,-80.99155,51,1
Votran,29.15276,-80.99218,46,1
Votran,29.19446,-80.99228,81,1
Votran,29.153,-80.99234,81,1
Votran,29.19488,-80.99254,96,1
Votran,29.11713,-80.99342,100,1
Votran,29.19593,-80.99298,81,1
Votran,29.19598,-80.99307,96,1
Votran,29.10765,-80.99336,50,1
Votran,29.11181,-80.99338,50,1
Votran,29.11037,-80.99338,50,1
Votran,29.11439,-80.9934,50,1
Votran,29.19659,-80.99336,25,1
Votran,29.10855,-80.99339,52,1
Votran,29.11062,-80.99341,52,1
Votran,29.11389,-80.99342,52,1
Votran,29.19716,-80.99361,81,1
Votran,29.14308,-80.99354,24,1
Votran,29.11705,-80.99326,46,1
Votran,29.19682,-80.99369,33,1
Votran,29.19672,-80.99345,26,1
Votran,29.1415,-80.99418,24,1
Votran,29.19871,-80.99439,81,1
Votran,29.15736,-80.99464,78,1
Votran,29.19882,-80.99447,96,1
Votran,29.14082,-80.9948,27,1
Votran,29.10683,-80.99499,50,1
Votran,29.20038,-80.99522,81,1
Votran,29.15898,-80.99542,78,1
Votran,29.11757,-80.99532,45,1
Votran,29.11778,-80.99586,178,1
Votran,29.15924,-80.99557,81,1
Votran,29.10686,-80.99588,52,1
Votran,29.20179,-80.9959,91,1
Votran,29.16077,-80.99629,71,1
Votran,29.20168,-80.99589,96,1
Votran,29.13958,-80.99626,24,1
Votran,29.16254,-80.99715,81,1
Votran,29.16206,-80.99688,78,1
Votran,29.11799,-80.99689,96,1
Votran,29.11802,-80.99715,95,1
Votran,29.16389,-80.99782,81,1
Votran,29.20444,-80.99721,81,1
Votran,29.11823,-80.99771,32,1
Votran,29.20428,-80.99718,96,1
Votran,29.16375,-80.99773,78,1
Votran,29.10683,-80.99783,50,1
Votran,29.20528,-80.99788,33,1
Votran,29.13887,-80.99671,27,1
Votran,29.20641,-80.99822,25,1
Votran,29.13744,-80.99801,24,1
Votran,29.20631,-80.99816,56,1
Votran,29.20732,-80.9987,56,1
Votran,29.20721,-80.99852,35,1
Votran,29.20728,-80.99872,26,1
Votran,29.2073,-80.99872,70,1
Votran,29.10684,-80.99909,52,1
Votran,29.20848,-80.99926,81,1
Votran,29.14313,-80.99816,24,1
Votran,29.20899,-80.99954,56,1
Votran,29.11897,-80.99949,96,1
Votran,29.11858,-80.99868,32,1
Votran,29.20876,-80.99946,96,1
Votran,29.1352,-80.99944,24,1
Votran,29.20902,-80.99952,25,1
Votran,29.1191,-80.9997,95,1
Votran,29.16813,-81.00001,78,1
Votran,29.20961,-80.99988,51,1
Votran,29.20958,-80.99992,33,1
Votran,29.13474,-80.99943,27,1
Votran,29.16873,-81.00035,81,1
Votran,29.2111,-81.00059,56,1
Votran,29.21117,-81.00057,25,1
Votran,29.11967,-81.00037,96,1
Votran,29.16728,-81.00048,147,1
Votran,29.16717,-81.00087,10,1
Votran,29.13286,-81.00091,24,1
Votran,29.21227,-81.00147,24,1
Votran,29.21248,-81.00145,118,1
Votran,29.16626,-81.00053,157,1
Votran,29.12087,-81.00136,95,1
Votran,29.17152,-81.00182,78,1
Votran,29.12179,-81.00187,96,1
Votran,29.12189,-81.00183,32,1
Votran,29.21404,-81.00221,93,1
Votran,29.2137,-81.0021,62,1
Votran,29.17188,-81.00205,81,1
Votran,29.21389,-81.0022,96,1
Votran,29.21476,-81.00249,96,1
Votran,29.173,-81.00263,78,1
Votran,29.21512,-81.00256,108,1
Votran,29.21511,-81.00272,24,1
Votran,29.21208,-81.0028,27,1
Votran,29.12958,-81.00289,24,1
Votran,29.17347,-81.00292,38,1
Votran,29.21631,-81.00299,120,1
Votran,29.1291,-81.00291,27,1
Votran,29.12512,-81.00362,174,1
Votran,29.12438,-81.00342,50,1
Votran,29.21732,-81.00347,120,1
Votran,29.21222,-81.00354,24,1
Votran,29.17438,-81.0034,80,1
Votran,29.21661,-81.00294,27,1
Votran,29.21845,-81.00404,120,1
Votran,29.17564,-81.00409,70,1
Votran,29.17579,-81.0042,87,1
Votran,29.21923,-81.00446,120,1
Votran,29.22042,-81.00503,108,1
Votran,29.10688,-81.00529,50,1
Votran,29.17789,-81.00533,87,1
Votran,29.1784,-81.00557,80,1
Votran,29.21203,-81.00548,27,1
Votran,29.22138,-81.00557,75,1
Votran,29.21222,-81.00564,24,1
Votran,29.22147,-81.00562,33,1
Votran,29.1069,-81.00539,52,1
Votran,29.22261,-81.00621,145,1
Votran,29.12972,-81.0063,24,1
Votran,29.12968,-81.00633,50,1
Votran,29.22332,-81.00656,112,1
Votran,29.22324,-81.0066,33,1
Votran,29.22159,-81.00679,75,1
Votran,29.18101,-81.00701,80,1
Votran,29.22417,-81.00696,84,1
Votran,29.1317,-81.00745,50,1
Votran,29.13229,-81.00773,24,1
Votran,29.12967,-81.00626,50,1
Votran,29.2258,-81.00781,51,1
Votran,29.22129,-81.0079,75,1
Votran,29.22653,-81.00818,94,1
Votran,29.22694,-81.00827,84,1
Votran,29.22113,-81.00835,26,1
Votran,29.18363,-81.00844,96,1
Votran,29.22645,-81.00863,51,1
Votran,29.18362,-81.00846,26,1
Votran,29.2275,-81.00864,94,1
Votran,29.13439,-81.00897,50,1
Votran,29.221,-81.00893,75,1
Votran,29.13478,-81.00911,74,1
Votran,29.18525,-81.00931,113,1
Votran,29.19102,-81.00945,25,1
Votran,29.18623,-81.00966,34,1
Votran,29.19111,-81.00957,26,1
Votran,29.18609,-81.0096,72,1
Votran,29.22608,-81.0097,51,1
Votran,29.13813,-81.00978,24,1
Votran,29.1867,-81.00992,87,1
Votran,29.18658,-81.00988,26,1
Votran,29.22071,-81.01004,25,1
Votran,29.22067,-81.01013,50,1
Votran,29.19234,-81.01016,25,1
Votran,29.18904,-81.00987,26,1
Votran,29.23045,-81.01064,0,0
Votran,29.10685,-81.01071,52,1
Votran,29.23209,-81.01082,95,1
Votran,29.18867,-81.01063,25,1
Votran,29.18854,-81.01087,113,1
Votran,29.13853,-81.01122,50,1
Votran,29.22024,-81.01134,26,1
Votran,29.19446,-81.01138,26,1
Votran,29.23334,-81.01142,95,1
Votran,29.22026,-81.01139,50,1
Votran,29.12355,-81.01176,76,1
Votran,29.23439,-81.01188,98,1
Votran,29.13922,-81.01163,50,1
Votran,29.19087,-81.01213,87,1
Votran,29.23053,-81.01291,24,1
Votran,29.19624,-81.01238,26,1
Votran,29.22188,-81.01238,24,1
Votran,29.15237,-80.96968,35,1
Votran,29.22253,-81.01244,24,1
Votran,29.14122,-81.01264,50,1
Votran,29.19202,-81.01272,81,1
Votran,29.23627,-81.01277,98,1
Votran,29.14096,-81.01255,50,1
Votran,29.23622,-81.01283,25,1
Votran,29.23074,-81.01293,24,1
Votran,29.19218,-81.01283,87,1
Votran,29.23642,-81.01296,25,1
Votran,29.23758,-81.01352,45,1
Votran,29.22513,-81.01289,142,1
Votran,29.19853,-81.01332,80,1
Votran,29.19856,-81.0133,75,1
Votran,29.23767,-81.01344,98,1
Votran,29.22436,-81.01361,24,1
Votran,29.18124,-81.01383,26,1
Votran,29.23776,-81.01358,50,1
Votran,29.19382,-81.01369,81,1
Votran,29.19962,-81.01377,75,1
Votran,29.19381,-81.01371,87,1
Votran,29.2281,-81.01447,166,1
Votran,29.20027,-81.01391,26,1
Votran,29.23876,-81.01404,95,1
Votran,29.22438,-81.01438,187,2
Votran,29.23941,-81.01428,98,1
Votran,29.20133,-81.01444,50,1
Votran,29.2184,-81.0469,50,1
Votran,29.19581,-81.01478,81,1
Votran,29.20218,-81.01522,116,1
Votran,29.20038,-81.01391,54,1
Votran,29.19764,-81.01461,54,1
Votran,29.14504,-81.01473,50,1
Votran,29.24057,-81.01484,98,1
Votran,29.2403,-81.01479,95,1
Votran,29.20224,-81.01499,50,1
Votran,29.18067,-81.01518,25,1
Votran,29.24143,-81.01537,58,1
Votran,29.24161,-81.01541,37,1
Votran,29.20307,-81.01527,66,1
Votran,29.20315,-81.01528,50,1
Votran,29.19712,-81.01552,87,1
Votran,29.19773,-81.01575,81,1
Votran,29.19715,-81.01579,54,1
Votran,29.20418,-81.01568,104,1
Votran,29.24287,-81.01603,25,1
Votran,29.24293,-81.01599,70,1
Votran,29.2296,-81.01626,24,1
Votran,29.18011,-81.01665,26,1
Votran,29.19937,-81.01666,81,1
Votran,29.1068,-81.01649,50,1
Votran,29.24422,-81.0165,98,1
Votran,29.24401,-81.01653,62,1
Votran,29.19677,-81.0167,50,1
Votran,29.19902,-81.01651,38,1
Votran,29.20611,-81.01658,62,1
Votran,29.20598,-81.01652,54,1
Votran,29.24429,-81.01665,33,1
Votran,29.10686,-81.01692,52,1
Votran,29.23137,-81.01689,24,1
Votran,29.23115,-81.01696,24,1
Votran,29.12037,-81.01736,52,1
Votran,29.14961,-81.01717,50,1
Votran,29.14995,-81.01731,50,1
Votran,29.24572,-81.01737,95,1
Votran,29.24651,-81.0177,98,1
Votran,29.17964,-81.01771,25,1
Votran,29.20916,-81.01773,94,1
Votran,29.20132,-81.01768,142,1
Votran,29.2328,-81.01781,24,1
Votran,29.20944,-81.01782,74,1
Votran,29.15083,-81.01782,50,1
Votran,29.20127,-81.0177,97,1
Votran,29.19615,-81.01829,50,1
Votran,29.24785,-81.01837,98,1
Votran,29.11462,-81.01851,2,1
Votran,29.19611,-81.01845,54,1
Votran,29.2343,-81.01854,24,1
Votran,29.24821,-81.01857,95,1
Votran,29.20286,-81.0185,121,1
Votran,29.20346,-81.01875,142,1
Votran,29.21143,-81.01888,74,1
Votran,29.15262,-81.01883,50,1
Votran,29.24912,-81.019,98,1
Votran,29.21114,-81.01876,116,1
Votran,29.2498,-81.01937,95,1
Votran,29.25061,-81.01974,98,1
Votran,29.15399,-81.01959,50,1
Votran,29.2355,-81.01884,24,1
Votran,29.21304,-81.01971,167,1
Votran,29.21434,-81.02025,172,1
Votran,29.2135,-81.01988,35,1
Votran,29.1548,-81.01999,50,1
Votran,29.20531,-81.01976,142,1
Votran,29.21341,-81.02003,26,1
Votran,29.20514,-81.01972,121,1
Votran,29.2513,-81.02009,95,1
Votran,29.15563,-81.02048,50,1
Votran,29.23891,-81.02034,24,1
Votran,29.16773,-81.01997,108,1
Votran,29.2066,-81.0205,121,1
Votran,29.25308,-81.02086,71,1
Votran,29.20645,-81.02138,52,1
Votran,29.17852,-81.02079,26,1
Votran,29.16733,-81.02087,0,0
Votran,29.19505,-81.02093,50,1
Votran,29.12622,-81.02081,26,1
Votran,29.20689,-81.02093,53,1
Votran,29.12635,-81.02082,26,1
Votran,29.19503,-81.02104,54,1
Votran,29.216,-81.02114,48,1
Votran,29.20744,-81.02089,158,1
Votran,29.20766,-81.02106,87,1
Votran,29.2401,-81.02124,24,1
Votran,29.21175,-81.02124,47,1
Votran,29.2407,-81.02133,24,1
Votran,29.21622,-81.0213,53,1
Votran,29.25413,-81.02138,25,1
Votran,29.25431,-81.02147,70,1
Votran,29.15742,-81.02143,50,1
Votran,29.19773,-81.01432,50,1
Votran,29.21339,-81.02208,23,1
Votran,29.20671,-81.02107,36,1
Votran,29.20925,-81.02189,158,1
Votran,29.21141,-81.02112,48,1
Votran,29.2247,-81.00728,145,1
Votran,29.21684,-81.02172,170,1
Votran,29.21686,-81.02161,24,1
Votran,29.11756,-81.02,26,1
Votran,29.21433,-81.02252,74,1
Votran,29.24315,-81.02238,24,1
Votran,29.21931,-81.02241,135,1
Votran,29.24256,-81.02242,24,1
Votran,29.25669,-81.02253,98,1
Votran,29.21432,-81.02256,228,2
Votran,29.21006,-81.02235,87,1
Votran,29.19436,-81.0226,50,1
Votran,29.19378,-81.02342,54,1
Votran,29.11618,-81.02253,50,1
Votran,29.21824,-81.02222,83,1
Votran,29.16677,-81.0222,104,1
Votran,29.15969,-81.0226,50,1
Votran,29.25716,-81.02277,95,1
Votran,29.25745,-81.0229,98,1
Votran,29.19682,-81.02269,89,1
Votran,29.22064,-81.02295,50,1
Votran,29.16112,-81.02303,50,1
Votran,29.17756,-81.02302,25,1
Votran,29.2115,-81.02312,158,1
Votran,29.16069,-81.02293,50,1
Votran,29.21037,-81.02379,24,1
Votran,29.19376,-81.02341,50,1
Votran,29.19869,-81.02323,89,1
Votran,29.20577,-81.0233,86,1
Votran,29.16243,-81.02329,50,1
Votran,29.22151,-81.02348,62,1
Votran,29.16558,-81.02341,50,1
Votran,29.21229,-81.02358,87,1
Votran,29.21264,-81.02374,111,1
Votran,29.24569,-81.02376,24,1
Votran,29.16743,-81.02429,50,1
Votran,29.19272,-81.02404,50,1
Votran,29.22309,-81.02415,62,1
Votran,29.11545,-81.02424,76,1
Votran,29.19274,-81.02408,54,1
Votran,29.22076,-81.02442,84,1
Votran,29.2207,-81.02446,66,1
Votran,29.26066,-81.0244,45,1
Votran,29.20998,-81.02421,48,1
Votran,29.20555,-81.02399,89,1
Votran,29.20061,-81.02424,89,1
Votran,29.26082,-81.02444,27,1
Votran,29.26098,-81.02462,95,1
Votran,29.11376,-81.02491,76,1
Votran,29.22439,-81.02476,59,1
Votran,29.26138,-81.02483,26,1
Votran,29.22486,-81.02484,12,1
Votran,29.22486,-81.02492,50,1
Votran,29.20205,-81.02502,89,1
Votran,29.16865,-81.02495,54,1
Votran,29.22516,-81.02518,47,1
Votran,29.19585,-81.02509,89,1
Votran,29.22516,-81.02532,50,1
Votran,29.20475,-81.02589,86,1
Votran,29.17658,-81.02554,26,1
Votran,29.17074,-81.02603,50,1
Votran,29.11164,-81.02562,26,1
Votran,29.2266,-81.0258,12,1
Votran,29.13003,-81.02606,26,1
Votran,29.20374,-81.02588,89,1
Votran,29.17034,-81.02583,54,1
Votran,29.20479,-81.0259,89,1
Votran,29.1919,-81.02595,54,1
Votran,29.21735,-81.02627,10,1
Votran,29.19545,-81.02608,89,1
Votran,29.21738,-81.02627,115,1
Votran,29.10918,-81.02645,26,1
Votran,29.26394,-81.02646,71,1
Votran,29.21472,-81.02641,70,1
Votran,29.22781,-81.02647,12,1
Votran,29.26423,-81.02661,24,1
Votran,29.21848,-81.02692,26,1
Votran,29.21975,-81.0269,116,1
Votran,29.21839,-81.02684,2,1
Votran,29.21845,-81.02686,34,1
Votran,29.22446,-81.02695,47,1
Votran,29.20888,-81.02693,48,1
Votran,29.2651,-81.02691,53,1
Votran,29.21839,-81.02687,126,1
Votran,29.26502,-81.02682,45,1
Votran,29.2185,-81.02689,113,1
Votran,29.22452,-81.02694,50,1
Votran,29.2648,-81.02706,58,1
Votran,29.24916,-81.027,24,1
Votran,29.26489,-81.02696,36,1
Votran,29.19137,-81.02722,50,1
Votran,29.26384,-81.02706,164,1
Votran,29.26551,-81.02735,25,1
Votran,29.20889,-81.02743,47,1
Votran,29.26606,-81.02748,24,1
Votran,29.21961,-81.02748,34,1
Votran,29.26616,-81.02757,86,1
Votran,29.26652,-81.02762,12,1
Votran,29.2659,-81.02763,45,1
Votran,29.26596,-81.02751,24,1
Votran,29.21398,-81.02768,70,1
Votran,29.13189,-81.02776,26,1
Votran,29.22412,-81.02775,47,1
Votran,29.19481,-81.02771,89,1
Votran,29.22033,-81.0281,86,1
Votran,29.13196,-81.0279,26,1
Votran,29.19117,-81.02783,54,1
Votran,29.21954,-81.02754,36,1
Votran,29.267,-81.0281,25,1
Votran,29.22084,-81.02816,83,1
Votran,29.26764,-81.0285,25,1
Votran,29.22407,-81.02804,50,1
Votran,29.26779,-81.02834,24,1
Votran,29.17538,-81.02806,27,1
Votran,29.26941,-81.02904,71,1
Votran,29.21342,-81.02855,75,1
Votran,29.26848,-81.02859,27,1
Votran,29.20832,-81.02856,48,1
Votran,29.17685,-81.02862,10,1
Votran,29.21341,-81.02864,70,1
Votran,29.22189,-81.02871,85,1
Votran,29.2681,-81.02873,45,1
Votran,29.26906,-81.02904,24,1
Votran,29.17636,-81.02854,50,1
Votran,29.20793,-81.02904,47,1
Votran,29.22215,-81.02895,86,1
Votran,29.26849,-81.02889,25,1
Votran,29.17746,-81.02877,54,1
Votran,29.17756,-81.02884,36,1
Votran,29.23217,-81.02915,61,1
Votran,29.22353,-81.02925,47,1
Votran,29.20343,-81.02907,86,1
Votran,29.18078,-81.02932,84,1
Votran,28.91352,-81.28142,18,1
Votran,29.17911,-81.02902,54,1
Votran,29.21881,-81.0293,37,1
Votran,29.23236,-81.02928,12,1
Votran,29.18042,-81.02929,90,1
Votran,29.23279,-81.0295,60,1
Votran,29.18226,-81.0296,84,1
Votran,29.19409,-81.0295,89,1
Votran,29.22364,-81.02967,85,1
Votran,29.18201,-81.02958,90,1
Votran,29.23304,-81.02967,61,1
Votran,29.27246,-81.03025,98,1
Votran,29.18478,-81.03007,84,1
Votran,29.27143,-81.03001,95,1
Votran,29.18438,-81.03002,54,1
Votran,29.20298,-81.03022,86,1
Votran,29.13418,-81.03011,26,1
Votran,29.22472,-81.03027,85,1
Votran,29.21237,-81.03035,75,1
Votran,29.22337,-81.02981,50,1
Votran,29.21785,-81.03042,37,1
Votran,29.1866,-81.03051,84,1
Votran,29.2725,-81.03046,45,1
Votran,29.22519,-81.03048,85,1
Votran,29.25572,-81.03051,24,1
Votran,29.17402,-81.03134,155,1
Votran,29.27383,-81.03094,38,1
Votran,29.19341,-81.03113,143,1
Votran,29.20695,-81.03102,48,1
Votran,29.22286,-81.03093,48,1
Votran,29.18698,-81.03064,90,1
Votran,29.22597,-81.03094,85,1
Votran,29.2176,-81.03069,38,1
Votran,29.22973,-81.03091,48,1
Votran,29.27368,-81.03089,95,1
Votran,29.18983,-81.03105,74,1
Votran,29.19008,-81.03055,54,1
Votran,29.13557,-81.03143,26,1
Votran,29.22699,-81.03143,85,1
Votran,29.27473,-81.03146,62,1
Votran,29.13548,-81.03142,26,1
Votran,29.23215,-81.03173,47,1
Votran,29.25779,-81.03166,24,1
Votran,29.20637,-81.03216,47,1
Votran,29.23223,-81.03161,36,1
Votran,29.18847,-81.03121,10,1
Votran,29.27635,-81.03218,98,1
Votran,29.25248,-81.02863,24,1
Votran,29.21475,-81.03229,70,1
Votran,29.21468,-81.03228,75,1
Votran,29.22867,-81.03237,85,1
Votran,29.21547,-81.03282,36,1
Votran,29.20204,-81.0325,86,1
Votran,29.27712,-81.03266,95,1
Votran,29.22206,-81.03291,48,1
Votran,29.21526,-81.03326,27,1
Votran,29.22204,-81.03309,50,1
Votran,29.21527,-81.03325,85,1
Votran,29.27821,-81.03321,95,1
Votran,29.2316,-81.03406,24,1
Votran,29.23153,-81.03388,85,1
Votran,29.26188,-81.03382,24,1
Votran,29.13815,-81.03401,26,1
Votran,29.13788,-81.0338,26,1
Votran,29.22162,-81.03402,48,1
Votran,29.26267,-81.03398,24,1
Votran,29.2057,-81.03402,24,1
Votran,29.28018,-81.0341,98,1
Votran,29.20569,-81.03389,24,1
Votran,29.27996,-81.03409,95,1
Votran,29.17298,-81.03424,26,1
Votran,29.20556,-81.03415,47,1
Votran,29.23123,-81.03432,12,1
Votran,29.21483,-81.03436,112,1
Votran,29.26298,-81.03446,24,1
Votran,29.23269,-81.03455,85,1
Votran,29.28126,-81.03464,98,1
Votran,29.17272,-81.03474,27,1
Votran,29.28121,-81.0347,50,1
Votran,29.28124,-81.0349,45,1
Votran,29.1434,-81.03518,26,1
Votran,29.22119,-81.0351,48,1
Votran,29.14889,-81.03517,26,1
Votran,29.21456,-81.0351,108,1
Votran,29.15097,-81.03522,26,1
Votran,29.14633,-81.03519,26,1
Votran,29.14428,-81.03522,26,1
Votran,29.23419,-81.03532,85,1
Votran,29.14257,-81.03524,26,1
Votran,29.15222,-81.03558,26,1
Votran,29.23023,-81.03561,12,1
Votran,29.2007,-81.03592,52,1
Votran,29.26517,-81.03564,24,1
Votran,29.17239,-81.03574,26,1
Votran,29.22095,-81.0358,50,1
Votran,29.22081,-81.03604,48,1
Votran,29.2359,-81.03629,85,1
Votran,29.28417,-81.03616,95,1
Votran,29.28458,-81.03632,98,1
Votran,29.20473,-81.03643,48,1
Votran,29.285,-81.03659,62,1
Votran,29.21393,-81.03666,108,1
Votran,29.20027,-81.03697,52,1
Votran,29.28556,-81.0369,98,1
Votran,29.21381,-81.03686,112,1
Votran,29.19997,-81.0369,54,1
Votran,29.20437,-81.0373,48,1
Votran,29.23718,-81.037,61,1
Votran,29.23761,-81.0372,85,1
Votran,29.28601,-81.03723,50,1
Votran,29.28673,-81.03749,98,1
Votran,29.2861,-81.0374,12,1
Votran,29.22005,-81.03789,48,1
Votran,29.28715,-81.03788,25,1
Votran,29.28723,-81.03778,37,1
Votran,29.15571,-81.03793,26,1
Votran,29.16757,-81.03822,26,1
Votran,29.21999,-81.03812,50,1
Votran,29.23924,-81.03808,85,1
Votran,29.21325,-81.03821,112,1
Votran,29.15704,-81.03852,26,1
Votran,29.20375,-81.03854,47,1
Votran,29.17031,-81.03838,26,1
Votran,29.16291,-81.03876,26,1
Votran,29.16447,-81.03875,26,1
Votran,29.2133,-81.03816,108,1
Votran,29.16024,-81.03873,26,1
Votran,29.21969,-81.03875,48,1
Votran,29.16684,-81.03868,26,1
Votran,29.2893,-81.03885,33,1
Votran,29.15785,-81.0387,26,1
Votran,29.16022,-81.0388,26,1
Votran,29.1623,-81.03882,26,1
Votran,29.16378,-81.03883,26,1
Votran,29.21972,-81.03879,50,1
Votran,29.20855,-81.03898,85,1
Votran,29.20809,-81.03885,82,1
Votran,29.24103,-81.03906,85,1
Votran,29.28968,-81.03907,95,1
Votran,29.2292,-81.03908,12,1
Votran,29.21272,-81.03944,112,1
Votran,29.2078,-81.03946,85,1
Votran,29.20974,-81.03959,85,1
Votran,29.20929,-81.03941,24,1
Votran,29.21934,-81.03961,48,1
Votran,29.24257,-81.03992,85,1
Votran,29.20771,-81.03978,82,1
Votran,29.21066,-81.04007,85,1
Votran,29.21254,-81.03996,108,1
Votran,29.24382,-81.04066,85,1
Votran,29.21174,-81.04068,82,1
Votran,29.2119,-81.04073,85,1
Votran,29.22852,-81.04077,12,1
Votran,29.29162,-81.04067,93,1
Votran,29.20323,-81.04066,49,1
Votran,29.24446,-81.04098,85,1
Votran,29.20719,-81.04112,82,1
Votran,29.2916,-81.04087,67,1
Votran,29.21879,-81.04105,50,1
Votran,29.20714,-81.04112,85,1
Votran,29.24584,-81.0417,85,1
Votran,29.20662,-81.04239,82,1
Votran,29.2281,-81.04241,12,1
Votran,29.22823,-81.04252,12,1
Votran,29.21807,-81.04267,48,1
Votran,29.24723,-81.04254,85,1
Votran,29.20636,-81.04307,81,1
Votran,29.29073,-81.04284,25,1
Votran,29.21816,-81.04257,50,1
Votran,29.24791,-81.04285,85,1
Votran,29.29078,-81.04307,67,1
Votran,29.24927,-81.04362,85,1
Votran,29.27699,-81.05876,51,1
Votran,29.24933,-81.04358,85,1
Votran,29.21768,-81.04364,48,1
Votran,29.20206,-81.04358,47,1
Votran,29.23074,-81.0438,12,1
Votran,29.23064,-81.04391,12,1
Votran,29.2176,-81.04395,50,1
Votran,29.2904,-81.04413,67,1
Votran,29.30107,-81.04437,27,1
Votran,29.25146,-81.04477,85,1
Votran,29.25099,-81.04457,85,1
Votran,29.20172,-81.04368,47,1
Votran,29.29,-81.0447,25,1
Votran,29.21082,-81.04417,26,1
Votran,29.23541,-81.04668,12,1
Votran,29.20553,-81.04502,85,1
Votran,29.20574,-81.04464,81,1
Votran,29.25295,-81.04553,85,1
Votran,29.29038,-81.04577,25,1
Votran,29.25243,-81.04525,85,1
Votran,29.21688,-81.04564,48,1
Votran,29.21008,-81.0459,27,1
Votran,29.28977,-81.04567,26,1
Votran,29.2343,-81.04576,12,1
Votran,29.21688,-81.04577,50,1
Votran,29.23425,-81.0458,12,1
Votran,29.20075,-81.04629,46,1
Votran,29.23542,-81.04638,12,1
Votran,29.21002,-81.04621,26,1
Votran,29.20487,-81.04679,85,1
Votran,29.25556,-81.04674,85,1
Votran,29.28922,-81.04678,66,1
Votran,29.20487,-81.04689,24,1
Votran,29.23646,-81.04694,12,1
Votran,29.21982,-81.04734,26,1
Votran,29.23665,-81.04716,12,1
Votran,29.20463,-81.04749,81,1
Votran,29.22142,-81.04818,26,1
Votran,29.25855,-81.0483,36,1
Votran,29.25784,-81.04802,34,1
Votran,29.23864,-81.04827,12,1
Votran,29.20596,-81.04823,81,1
Votran,29.20909,-81.05018,81,1
Votran,29.20918,-81.04796,27,1
Votran,29.23913,-81.04845,12,1
Votran,29.22173,-81.04846,27,1
Votran,29.3095,-81.04855,27,1
Votran,29.20743,-81.04902,81,1
Votran,29.25993,-81.04915,34,1
Votran,29.25995,-81.04916,51,1
Votran,29.21956,-81.04778,77,1
Votran,29.24134,-81.0498,12,1
Votran,29.26175,-81.05006,85,1
Votran,29.20692,-81.05015,49,1
Votran,29.31284,-81.05018,27,1
Votran,29.26213,-81.05032,85,1
Votran,29.24217,-81.05068,12,1
Votran,29.22408,-81.0508,27,1
Votran,29.21821,-81.05099,77,1
Votran,29.20869,-81.05108,82,1
Votran,29.22407,-81.05132,26,1
Votran,29.30193,-81.05128,24,1
Votran,29.20867,-81.05126,81,1
Votran,29.26505,-81.05185,85,1
Votran,29.22379,-81.05176,27,1
Votran,29.21775,-81.05196,73,1
Votran,29.24515,-81.05185,12,1
Votran,29.31726,-81.05229,27,1
Votran,29.19838,-81.05237,24,1
Votran,29.22914,-81.05281,27,1
Votran,29.24111,-81.05284,12,1
Votran,29.20796,-81.05294,82,1
Votran,29.22879,-81.053,26,1
Votran,29.22071,-81.05253,26,1
Votran,29.26678,-81.05297,85,1
Votran,29.2229,-81.05335,27,1
Votran,29.21702,-81.0537,73,1
Votran,29.30696,-81.05369,24,1
Votran,29.20771,-81.05369,57,1
Votran,29.24851,-81.05382,12,1
Votran,29.26828,-81.054,75,1
Votran,29.26813,-81.05404,27,1
Votran,29.23239,-81.05448,28,1
Votran,29.20747,-81.05431,81,1
Votran,29.2166,-81.05476,50,1
Votran,29.21647,-81.05501,47,1
Votran,29.20717,-81.055,72,1
Votran,29.30966,-81.05504,24,1
Votran,29.25193,-81.05536,12,1
Votran,29.24399,-81.05554,12,1
Votran,29.20694,-81.05564,81,1
Votran,29.32399,-81.05567,25,1
Votran,29.21665,-81.05583,50,1
Votran,29.31123,-81.05579,24,1
Votran,29.28572,-81.0559,67,1
Votran,29.19709,-81.05578,91,1
Votran,29.27215,-81.05624,85,1
Votran,29.27215,-81.05615,85,1
Votran,29.31292,-81.05641,24,1
Votran,29.19686,-81.0563,34,1
Votran,29.23153,-81.05652,28,1
Votran,29.32246,-81.05653,51,1
Votran,29.21789,-81.05656,47,1
Votran,29.24355,-81.05661,12,1
Votran,29.25163,-81.05669,12,1
Votran,29.32608,-81.05673,25,1
Votran,29.32587,-81.05675,24,1
Votran,29.23128,-81.05684,27,1
Votran,29.21889,-81.05704,76,1
Votran,29.23918,-81.05769,12,1
Votran,29.20513,-81.05768,69,1
Votran,29.23105,-81.05777,28,1
Votran,29.2755,-81.05803,85,1
Votran,29.19625,-81.05803,34,1
Votran,29.31544,-81.05789,24,1
Votran,29.22674,-81.05829,27,1
Votran,29.22052,-81.05799,74,1
Votran,29.27535,-81.05791,85,1
Votran,29.28465,-81.05814,66,1
Votran,29.20677,-81.05849,43,1
Votran,29.25087,-81.05852,12,1
Votran,29.22162,-81.05853,26,1
Votran,29.20661,-81.05846,19,1
Votran,29.22664,-81.05847,26,1
Votran,29.33009,-81.05863,25,1
Votran,29.22091,-81.05867,50,1
Votran,29.24266,-81.05872,12,1
Votran,29.33004,-81.05875,24,1
Votran,29.27716,-81.05887,34,1
Votran,29.28519,-81.05903,50,1
Votran,29.33238,-81.05912,25,1
Votran,29.20634,-81.05824,43,1
Votran,29.33259,-81.05928,24,1
Votran,29.20593,-81.0581,69,1
Votran,29.19576,-81.05954,91,1
Votran,29.20873,-81.0595,43,1
Votran,29.27864,-81.05959,2,1
Votran,29.18503,-81.06021,49,1
Votran,29.27862,-81.0596,83,1
Votran,29.22602,-81.05968,26,1
Votran,29.22375,-81.05972,26,1
Votran,29.22036,-81.05993,47,1
Votran,29.20954,-81.05993,43,1
Votran,29.27911,-81.05993,85,1
Votran,29.20955,-81.05999,19,1
Votran,29.22038,-81.05994,50,1
Votran,29.2839,-81.06002,117,1
Votran,29.2838,-81.06019,66,1
Votran,29.22603,-81.06025,27,1
Votran,29.28016,-81.06043,24,1
Votran,29.28013,-81.06038,10,1
Votran,29.28854,-81.06055,50,1
Votran,29.28017,-81.0604,51,1
Votran,29.21104,-81.0607,43,1
Votran,29.33677,-81.06074,24,1
Votran,29.22283,-81.02953,86,1
Votran,29.22951,-81.06079,27,1
Votran,29.21099,-81.06075,19,1
Votran,29.19483,-81.06203,10,1
Votran,29.20488,-81.06127,112,1
Votran,29.28148,-81.06119,85,1
Votran,29.21263,-81.06155,43,1
Votran,29.28309,-81.06183,66,1
Votran,29.29101,-81.06179,50,1
Votran,29.20519,-81.06056,10,1
Votran,29.21311,-81.06186,19,1
Votran,29.21999,-81.06214,47,1
Votran,29.22886,-81.06218,27,1
Votran,29.283,-81.06235,150,1
Votran,29.34004,-81.06221,24,1
Votran,29.20648,-81.06225,38,1
Votran,29.22001,-81.06277,50,1
Votran,29.21301,-81.06324,19,1
Votran,29.23032,-81.06321,28,1
Votran,29.28239,-81.06321,58,1
Votran,29.23027,-81.06334,27,1
Votran,29.29441,-81.06355,24,1
Votran,29.19774,-81.06377,136,1
Votran,29.34325,-81.06377,24,1
Votran,29.21996,-81.06395,47,1
Votran,29.23172,-81.06411,27,1
Votran,29.2956,-81.0642,24,1
Votran,29.20353,-81.06477,29,1
Votran,29.34474,-81.06452,24,1
Votran,29.21245,-81.06462,19,1
Votran,29.21999,-81.06458,50,1
Votran,29.20002,-81.06468,6,1
Votran,29.20352,-81.06468,112,1
Votran,29.19988,-81.06462,19,1
Votran,29.20102,-81.06503,112,1
Votran,29.21231,-81.06507,43,1
Votran,29.21218,-81.06526,19,1
Votran,29.19588,-81.06611,145,1
Votran,29.23388,-81.06521,28,1
Votran,29.30539,-81.06527,24,1
Votran,29.24804,-81.06528,12,1
Votran,29.23381,-81.06533,27,1
Votran,29.20247,-81.06571,43,1
Votran,29.20298,-81.06601,29,1
Votran,29.19662,-81.06323,146,1
Votran,29.23593,-81.06626,28,1
Votran,29.21994,-81.06641,47,1
Votran,29.21173,-81.06642,43,1
Votran,29.19689,-81.06639,185,2
Votran,29.21997,-81.06673,50,1
Votran,29.23702,-81.06697,28,1
Votran,29.23685,-81.06701,27,1
Votran,29.35035,-81.06726,24,1
Votran,29.24636,-81.06671,24,1
Votran,29.19301,-81.0673,34,1
Votran,29.28109,-81.06733,58,1
Votran,29.21993,-81.06731,47,1
Votran,29.28109,-81.06775,150,1
Votran,29.21996,-81.06792,50,1
Votran,29.23855,-81.06794,27,1
Votran,29.23908,-81.06804,28,1
Votran,29.35259,-81.06819,24,1
Votran,29.19264,-81.06839,107,1
Votran,29.19625,-81.06866,70,1
Votran,29.24124,-81.06929,28,1
Votran,29.28052,-81.06927,85,1
Votran,29.29187,-81.06935,74,1
Votran,29.21125,-81.06944,43,1
Votran,29.24143,-81.06953,27,1
Votran,29.2829,-81.06978,47,1
Votran,29.19808,-81.0696,70,1
Votran,29.30682,-81.06976,24,1
Votran,29.3562,-81.06996,24,1
Votran,29.21988,-81.06982,47,1
Votran,29.21359,-81.07016,43,1
Votran,29.21793,-81.07022,43,1
Votran,29.19986,-81.07034,22,1
Votran,29.21994,-81.06948,50,1
Votran,29.24376,-81.07067,28,1
Votran,29.24372,-81.07078,27,1
Votran,29.2796,-81.0711,24,1
Votran,29.20109,-81.07122,70,1
Votran,29.27968,-81.0712,85,1
Votran,29.2915,-81.07129,27,1
Votran,29.19154,-81.07145,107,1
Votran,29.24524,-81.0715,28,1
Votran,29.24547,-81.07173,27,1
Votran,29.20304,-81.07194,22,1
Votran,29.22036,-81.0719,1,1
Votran,29.2027,-81.07206,70,1
Votran,29.36203,-81.07271,25,1
Votran,29.20404,-81.07274,70,1
Votran,29.28828,-81.07304,47,1
Votran,29.24922,-81.07313,28,1
Votran,29.19075,-81.07308,58,1
Votran,29.27915,-81.07202,24,1
Votran,29.24866,-81.07334,27,1
Votran,29.20525,-81.07338,70,1
Votran,29.20599,-81.07342,22,1
Votran,29.36418,-81.07375,23,1
Votran,29.20833,-81.0741,22,1
Votran,29.20852,-81.07425,70,1
Votran,29.25173,-81.0745,28,1
Votran,29.25211,-81.07478,27,1
Votran,29.18857,-81.07556,48,1
Votran,29.188,-81.07638,46,1
Votran,29.18864,-81.07554,25,1
Votran,29.36827,-81.07565,23,1
Votran,29.25938,-81.0759,28,1
Votran,29.18784,-81.07611,57,1
Votran,29.2785,-81.07527,24,1
Votran,29.25539,-81.07658,27,1
Votran,29.18503,-81.07756,94,1
Votran,29.25909,-81.07756,27,1
Votran,29.18498,-81.07763,75,1
Votran,29.25841,-81.07816,28,1
Votran,29.3735,-81.07816,23,1
Votran,29.25835,-81.07821,27,1
Votran,29.18385,-81.07819,94,1
Votran,29.18205,-81.07915,22,1
Votran,29.21325,-81.07844,23,1
Votran,29.18354,-81.07839,25,1
Votran,29.26667,-81.07893,27,1
Votran,29.37599,-81.07926,23,1
Votran,29.37657,-81.07945,24,1
Votran,29.18224,-81.07902,93,1
Votran,29.18213,-81.07926,20,1
Votran,29.21123,-81.0807,46,1
Votran,29.27895,-81.08053,34,1
Votran,29.17915,-81.08051,22,1
Votran,29.27122,-81.08143,27,1
Votran,29.38069,-81.08149,23,1
Votran,29.18875,-81.08171,46,1
Votran,29.17662,-81.08198,94,1
Votran,29.27878,-81.08196,24,1
Votran,29.19115,-81.08268,46,1
Votran,29.27888,-81.08278,97,1
Votran,29.17481,-81.08294,70,1
Votran,29.27865,-81.08289,27,1
Votran,29.17521,-81.08274,24,1
Votran,29.19341,-81.08378,46,1
Votran,29.38387,-81.08295,47,1
Votran,29.38397,-81.08311,24,1
Votran,29.21254,-81.08378,46,1
Votran,29.19769,-81.08586,46,1
Votran,29.38399,-81.08592,24,1
Votran,29.16946,-81.08571,25,1
Votran,29.16609,-81.08653,123,1
Votran,29.19892,-81.08639,46,1
Votran,29.16704,-81.0877,29,1
Votran,29.2005,-81.08692,46,1
Votran,29.20598,-81.08844,46,1
Votran,29.16518,-81.08924,49,1
Votran,29.1652,-81.08928,47,1
Votran,29.27746,-81.09076,24,1
Votran,29.27798,-81.08899,50,1
Votran,29.30432,-81.0931,2,1
Votran,29.27491,-81.09344,50,1
Votran,29.27477,-81.09375,24,1
Votran,29.16183,-81.09395,49,1
Votran,29.27302,-81.09539,50,1
Votran,29.27119,-81.09759,24,1
Votran,29.30843,-81.09774,27,1
Votran,29.27101,-81.09762,24,1
Votran,29.23124,-81.09644,23,1
Votran,29.30962,-81.099,25,1
Votran,29.31668,-81.10679,2,1
Votran,29.26741,-81.10201,24,1
Votran,29.26799,-81.10115,50,1
Votran,29.31459,-81.104,2,1
Votran,29.26486,-81.10509,24,1
Votran,29.26549,-81.10424,26,1
Votran,29.29704,-81.1062,2,1
Votran,29.29766,-81.10658,2,1
Votran,29.31679,-81.10672,27,1
Votran,29.26314,-81.10703,24,1
Votran,29.31958,-81.10963,52,1
Votran,29.26067,-81.10936,24,1
Votran,29.32224,-81.11244,2,1
Votran,29.2562,-81.11133,50,1
Votran,29.28951,-81.11299,2,1
Votran,29.29058,-81.11466,2,1
Votran,29.28998,-81.11508,2,1
Votran,29.3281,-81.11345,2,1
Votran,29.32547,-81.11648,2,1
Votran,29.32476,-81.11616,2,1
Votran,29.29208,-81.11719,2,1
Votran,29.14361,-81.11945,49,1
Votran,29.29208,-81.11949,2,1
Votran,29.14366,-81.11946,47,1
Votran,29.1398,-81.12923,49,1
Votran,29.14064,-81.12682,47,1
Votran,29.33534,-81.13042,4,1
Votran,29.13913,-81.13134,49,1
Votran,29.13899,-81.13201,47,1
Votran,29.13826,-81.13422,49,1
Votran,29.1382,-81.13461,47,1
Votran,29.13718,-81.13784,49,1
Votran,29.13707,-81.13823,47,1
Votran,29.13645,-81.14012,49,1
Votran,29.13963,-81.14398,47,1
Votran,29.13928,-81.14534,47,1
Votran,29.14047,-81.15089,92,1
Votran,29.13384,-81.14896,47,1
Votran,28.88685,-81.16573,14,1
Votran,28.8821,-81.16571,14,1
Votran,28.89472,-81.16554,14,1
Votran,28.87987,-81.16726,14,1
Votran,28.87975,-81.16748,8,1
Votran,28.90036,-81.16864,14,1
Votran,28.9009,-81.16922,22,1
Votran,28.9023,-81.17116,14,1
Votran,28.90336,-81.17265,14,1
Votran,28.90574,-81.17575,22,1
Votran,28.9057,-81.17578,14,1
Votran,28.8785,-81.17861,8,1
Votran,28.90865,-81.17973,14,1
Votran,28.90958,-81.18055,22,1
Votran,28.91271,-81.18159,22,1
Votran,28.91346,-81.18181,14,1
Votran,28.9163,-81.18225,22,1
Votran,28.91585,-81.18228,14,1
Votran,28.91794,-81.18264,22,1
Votran,28.92014,-81.18427,22,1
Votran,28.87734,-81.18532,8,1
Votran,28.92123,-81.18561,22,1
Votran,28.92555,-81.19098,14,1
Votran,28.9244,-81.19228,19,1
Votran,28.9227,-81.19381,19,1
Votran,28.87789,-81.19584,14,1
Votran,28.92076,-81.19748,19,1
Votran,28.90662,-81.19964,19,1
Votran,28.92052,-81.20176,19,1
Votran,28.87822,-81.20216,14,1
Votran,28.91768,-81.20373,19,1
Votran,28.91976,-81.20426,19,1
Votran,28.88032,-81.20579,14,1
Votran,28.90502,-81.20652,19,1
Votran,28.90573,-81.20923,19,1
Votran,28.88917,-81.21256,8,1
Votran,28.905,-81.21563,19,1
Votran,28.90435,-81.21783,14,1
Votran,28.90653,-81.22315,8,1
Votran,28.90578,-81.22056,8,1
Votran,28.90595,-81.22074,33,1
Votran,28.91319,-81.22107,37,1
Votran,28.91504,-81.22099,5,1
Votran,28.91838,-81.22144,37,1
Votran,28.91885,-81.22148,18,1
Votran,28.91922,-81.22167,24,1
Votran,28.91957,-81.2217,31,1
Votran,28.90635,-81.22326,19,1
Votran,28.92893,-81.22234,28,1
Votran,28.93414,-81.28566,0,0
Votran,28.90752,-81.22457,19,1
Votran,28.90763,-81.22467,8,1
Votran,28.90615,-81.22649,14,1
Votran,28.90311,-81.22802,21,1
Votran,28.9003,-81.2282,20,1
Votran,28.90283,-81.22806,33,1
Votran,28.90984,-81.22836,13,1
Votran,28.89667,-81.2304,20,1
Votran,28.89678,-81.2303,45,1
Votran,28.89403,-81.2307,7,1
Votran,28.91148,-81.23123,13,1
Votran,28.89406,-81.23072,45,1
Votran,28.89192,-81.23176,7,1
Votran,28.89087,-81.2326,13,1
Votran,28.91355,-81.23367,13,1
Votran,28.91581,-81.23451,13,1
Votran,28.91759,-81.23564,13,1
Votran,29.08456,-81.23651,25,1
Votran,29.08409,-81.23709,24,1
Votran,28.92057,-81.23776,13,1
Votran,28.92205,-81.23938,13,1
Votran,28.88402,-81.24044,32,1
Votran,28.8849,-81.24203,7,1
Votran,28.88504,-81.24206,12,1
Votran,28.88545,-81.24215,32,1
Votran,28.92251,-81.24183,13,1
Votran,28.88772,-81.24453,12,1
Votran,28.90534,-81.24607,31,1
Votran,28.89004,-81.24594,12,1
Votran,28.89178,-81.2471,32,1
Votran,28.89431,-81.25065,7,1
Votran,28.89413,-81.25052,12,1
Votran,28.90846,-81.25074,31,1
Votran,28.89503,-81.25166,19,1
Votran,28.89524,-81.25184,13,1
Votran,29.06887,-81.25525,25,1
Votran,29.06892,-81.25522,24,1
Votran,28.89644,-81.25558,7,1
Votran,28.89647,-81.25551,12,1
Votran,28.8972,-81.25817,32,1
Votran,28.91403,-81.257,13,1
Votran,28.91882,-81.25743,13,1
Votran,28.89706,-81.25803,7,1
Votran,28.89712,-81.25811,12,1
Votran,29.0621,-81.26498,25,1
Votran,28.8982,-81.2623,19,1
Votran,28.89863,-81.26253,32,1
Votran,28.91107,-81.26379,26,1
Votran,28.9006,-81.26499,8,1
Votran,29.06205,-81.26512,24,1
Votran,28.90076,-81.26557,7,1
Votran,28.91133,-81.26581,26,1
Votran,28.90049,-81.26798,26,1
Votran,28.90027,-81.26837,7,1
Votran,28.90025,-81.26847,13,1
Votran,28.8981,-81.26993,15,1
Votran,28.89812,-81.27,12,1
Votran,28.89805,-81.27008,39,1
Votran,28.89704,-81.27061,19,1
Votran,28.89362,-81.27295,32,1
Votran,28.8936,-81.27286,19,1
Votran,29.05808,-81.27393,24,1
Votran,28.89086,-81.27393,19,1
Votran,28.89039,-81.27424,32,1
Votran,28.88878,-81.27557,19,1
Votran,28.91106,-81.27528,46,1
Votran,28.87989,-81.27526,19,1
Votran,28.88857,-81.27597,19,1
Votran,28.8886,-81.27589,13,1
Votran,28.88457,-81.2768,19,1
Votran,28.88636,-81.27699,19,1
Votran,28.88662,-81.27707,19,1
Votran,28.88627,-81.27715,13,1
Votran,28.91107,-81.27806,38,1
Votran,29.05534,-81.28131,24,1
Votran,28.91417,-81.28143,8,1
Votran,28.91319,-81.28156,38,1
Votran,28.89909,-81.28548,19,1
Votran,28.89908,-81.28565,13,1
Votran,28.91649,-81.28461,39,1
Votran,28.90188,-81.28694,19,1
Votran,28.90731,-81.28995,19,1
Votran,28.91693,-81.2885,18,1
Votran,28.90445,-81.28824,32,1
Votran,28.91114,-81.28906,7,1
Votran,29.0549,-81.29013,24,1
Votran,28.91719,-81.29432,18,1
Votran,28.91773,-81.29536,48,1
Votran,28.91063,-81.29586,32,1
Votran,28.91888,-81.29608,48,1
Votran,28.91465,-81.29385,42,1
Votran,28.91203,-81.296,25,1
Votran,28.91898,-81.29631,29,1
Votran,28.92149,-81.29801,29,1
Votran,28.92859,-81.29892,60,1
Votran,28.93499,-81.2989,63,1
Votran,28.94553,-81.29885,63,1
Votran,28.94798,-81.29886,63,1
Votran,28.957,-81.29881,59,1
Votran,28.92556,-81.29899,60,1
Votran,28.95985,-81.29881,59,1
Votran,28.94369,-81.29885,63,1
Votran,28.95272,-81.29882,59,1
Votran,28.93172,-81.29891,60,1
Votran,28.96481,-81.29882,42,1
Votran,29.03595,-81.30373,34,1
Votran,28.95641,-81.29886,42,1
Votran,28.95922,-81.29886,42,1
Votran,28.95178,-81.29885,31,1
Votran,28.94548,-81.29888,45,1
Votran,28.94749,-81.29889,45,1
Votran,28.95458,-81.29885,42,1
Votran,28.9367,-81.299,45,1
Votran,28.94257,-81.2989,45,1
Votran,28.92806,-81.29891,43,1
Votran,28.93324,-81.29894,43,1
Votran,28.93123,-81.29901,43,1
Votran,29.0291,-81.29922,48,1
Votran,28.98263,-81.29929,8,1
Votran,29.03004,-81.3003,48,1
Votran,29.0277,-81.29917,29,1
Votran,28.98603,-81.29961,59,1
Votran,28.98611,-81.29968,42,1
Votran,29.02626,-81.30005,48,1
Votran,29.0264,-81.30013,29,1
Votran,29.0299,-81.30079,29,1
Votran,28.98956,-81.30102,59,1
Votran,29.02638,-81.3017,39,1
Votran,28.99068,-81.30165,42,1
Votran,28.99182,-81.30199,59,1
Votran,28.99582,-81.30237,59,1
Votran,29.0024,-81.30255,59,1
Votran,29.00468,-81.30262,59,1
Votran,29.00837,-81.30269,59,1
Votran,29.01074,-81.30274,59,1
Votran,29.00668,-81.30275,31,1
Votran,29.00798,-81.30273,42,1
Votran,29.01635,-81.303,59,1
Votran,29.01787,-81.30303,59,1
Votran,29.01028,-81.30279,42,1
Votran,29.01197,-81.30285,42,1
Votran,29.02137,-81.30311,8,1
Votran,29.02362,-81.30323,42,1
Votran,29.03439,-81.30352,8,1
Votran,29.03608,-81.30358,59,1
Votran,28.90858,-81.30355,49,1
Votran,29.03827,-81.30368,59,1
Votran,29.03601,-81.30371,11,1
Votran,29.04068,-81.30381,59,1
Votran,29.03825,-81.30383,42,1
Votran,29.04066,-81.30384,42,1
Votran,28.9061,-81.30423,49,1
Votran,29.04788,-81.30426,11,1
Votran,29.05595,-81.30415,27,1
Votran,29.02988,-81.3043,29,1
Votran,29.03173,-81.30432,50,1
Votran,29.04999,-81.30434,11,1
Votran,29.05319,-81.3044,11,1
Votran,29.06608,-81.3045,6,1
Votran,29.02999,-81.30439,48,1
Votran,29.06846,-81.30455,6,1
Votran,29.06588,-81.30459,6,1
Votran,29.06812,-81.30465,6,1
Votran,29.0318,-81.3049,31,1
Votran,28.90322,-81.30493,49,1
Votran,29.07023,-81.30492,6,1
Votran,28.89754,-81.30506,49,1
Votran,28.89947,-81.30507,49,1
Votran,28.90914,-81.30356,52,1
Votran,28.90573,-81.30453,52,1
Votran,28.9028,-81.30526,52,1
Votran,29.04277,-81.30448,48,1
Votran,28.89318,-81.30595,49,1
Votran,28.89245,-81.30633,52,1
Votran,28.89096,-81.30648,44,1
Votran,28.88993,-81.30696,47,1
Votran,28.88735,-81.30759,52,1
Votran,28.88633,-81.30776,49,1
Votran,28.88595,-81.30792,52,1
Votran,28.88357,-81.30841,12,1
Votran,28.88146,-81.30936,22,1
Votran,28.88048,-81.3097,19,1
Votran,28.87706,-81.31141,19,1
Votran,28.87744,-81.31148,14,1
Votran,29.07744,-81.31296,6,1
Votran,28.87359,-81.31317,19,1
Votran,29.07783,-81.31323,6,1
Votran,29.04263,-81.31401,29,1
Votran,29.04269,-81.31476,48,1
Votran,29.04262,-81.31535,29,1
Votran,29.08087,-81.31682,6,1
Votran,29.08139,-81.31715,6,1
Votran,29.04253,-81.3228,29,1
Votran,29.0444,-81.32487,29,1
Votran,29.05389,-81.32392,48,1
Votran,29.08624,-81.32346,11,1
Votran,29.09094,-81.32874,6,1
Votran,29.09144,-81.32911,6,1
Votran,29.09654,-81.33376,6,1
Votran,29.10127,-81.33837,6,1
Votran,29.10598,-81.3429,6,1
Votran,29.10562,-81.34284,6,1
Votran,29.11105,-81.34873,6,1
Votran,29.1118,-81.34919,6,1
Votran,29.11489,-81.35157,6,1
Votran,29.1229,-81.35169,6,1
Votran,29.1147,-81.35167,6,1
Votran,29.11961,-81.35187,6,1
Votran,29.12307,-81.35183,6,1
Votran,29.13479,-81.35239,6,1
Votran,29.13578,-81.35297,6,1
Votran,29.13999,-81.35953,6,1
Votran,29.15862,-81.38447,6,1
Votran,29.18785,-81.42146,6,1
Votran,29.20206,-81.43983,6,1
Votran,29.20224,-81.44003,6,1
Votran,29.2078,-81.44723,6,1
Votran,29.21813,-81.46299,6,1
Votran,29.24447,-81.46302,6,1
Votran,29.24416,-81.46315,6,1
Votran,29.24525,-81.46372,6,1
Votran,29.22204,-81.46435,6,1
Votran,29.22397,-81.46499,6,1
Votran,29.22837,-81.46651,6,1
Votran,29.2364,-81.46698,6,1
Votran,29.23683,-81.46708,6,1
Votran,29.23845,-81.46713,6,1
Votran,29.24002,-81.46717,6,1
Votran,29.24268,-81.46724,6,1
Votran,29.24519,-81.46757,6,1
Votran,29.2479,-81.46902,6,1
Votran,29.25624,-81.47309,6,1
Votran,29.25821,-81.47398,6,1
Votran,29.25936,-81.47411,6,1
Votran,29.27606,-81.47543,6,1
Votran,29.27529,-81.4755,6,1
Votran,29.28849,-81.47945,6,1
Votran,29.29943,-81.4847,6,1
Votran,29.30668,-81.48822,6,1
Votran,29.31465,-81.49162,6,1
Votran,29.25978,-81.47194,6,1
Votran,29.31541,-81.49189,6,1
Votran,29.32533,-81.49601,6,1
Votran,29.32122,-81.49509,6,1
Votran,29.3467,-81.50102,6,1
Votran,29.35067,-81.50185,6,1
Votran,29.36465,-81.50677,12,1
Votran,28.86487,-80.84735,7,1
Votran,28.90161,-80.86393,7,1
Votran,28.93765,-80.88017,7,1
Votran,29.00426,-80.91548,5,1
Votran,29.00374,-80.9169,25,1
Votran,29.00393,-80.91694,25,1
Votran,29.00251,-80.92196,25,1
Votran,29.00255,-80.92123,25,1
Votran,29.03608,-80.93147,32,1
Votran,29.0485,-80.93645,30,1
Votran,29.12322,-80.95311,25,1
Votran,29.12469,-80.95393,25,1
Votran,29.08272,-80.96542,32,1
Votran,29.15664,-80.97214,58,1
Votran,29.10801,-80.97404,81,1
Votran,29.16686,-80.97757,91,1
Votran,29.18045,-80.98508,91,1
Votran,29.18022,-80.98502,96,1
Votran,29.18094,-80.98535,10,1
Votran,29.14337,-80.9874,46,1
Votran,29.14547,-80.98858,78,1
Votran,29.14494,-80.98874,32,1
Votran,29.14599,-80.98886,81,1
Votran,29.189,-80.98961,51,1
Votran,29.14318,-80.98975,32,1
Votran,29.14958,-80.99053,22,1
Votran,29.11724,-80.99362,81,1
Votran,29.15531,-80.9936,10,1
Votran,29.15766,-80.9948,22,1
Votran,29.15771,-80.99483,10,1
Votran,29.16081,-80.9963,10,1
Votran,29.20615,-80.99811,25,1
Votran,29.206,-80.99816,26,1
Votran,29.16478,-80.99826,46,1
Votran,29.21064,-81.0004,70,1
Votran,29.14276,-81.0011,24,1
Votran,29.21808,-81.00378,81,1
Votran,29.21996,-81.00485,120,1
Votran,29.12606,-81.0072,74,1
Votran,29.22571,-81.00765,57,1
Votran,29.18322,-81.00824,75,1
Votran,29.22071,-81.00986,26,1
Votran,29.19322,-81.01063,25,1
Votran,29.18881,-81.01098,81,1
Votran,29.22551,-81.01129,51,1
Votran,29.22074,-81.01148,24,1
Votran,29.21995,-81.01214,49,1
Votran,29.18146,-81.01314,25,1
Votran,29.2014,-81.01445,25,1
Votran,29.20436,-81.01571,34,1
Votran,29.12,-81.01805,26,1
Votran,29.2338,-81.018,24,1
Votran,29.20823,-81.0196,51,1
Votran,29.20748,-81.01961,51,1
Votran,29.23725,-81.01962,24,1
Votran,29.23655,-81.01968,24,1
Votran,29.17869,-81.02021,25,1
Votran,29.23822,-81.02041,24,1
Votran,29.21088,-81.02098,51,1
Votran,29.25414,-81.02128,27,1
Votran,29.21356,-81.02123,25,1
Votran,29.13203,-81.0213,26,1
Votran,29.20648,-81.02147,24,1
Votran,29.20638,-81.02157,10,1
Votran,29.21925,-81.02257,24,1
Votran,29.11601,-81.0241,26,1
Votran,29.21033,-81.02325,23,1
Votran,29.21607,-81.02344,1073,4
Votran,29.24466,-81.02346,24,1
Votran,29.22149,-81.02356,47,1
Votran,29.22074,-81.02438,48,1
Votran,29.17665,-81.02523,25,1
Votran,29.26228,-81.02546,27,1
Votran,29.2649,-81.02691,24,1
Votran,29.2043,-81.02697,86,1
Votran,29.21926,-81.02748,27,1
Votran,29.21399,-81.02762,75,1
Votran,29.21949,-81.02748,38,1
Votran,29.26636,-81.02792,25,1
Votran,29.17383,-81.02819,54,1
Votran,29.17569,-81.02838,34,1
Votran,29.17673,-81.02862,50,1
Votran,29.17523,-81.02905,112,1
Votran,29.13313,-81.029,26,1
Votran,29.17848,-81.0289,24,1
Votran,29.13308,-81.02902,26,1
Votran,29.25254,-81.02918,24,1
Votran,29.18427,-81.03013,24,1
Votran,29.17348,-81.03126,160,1
Votran,29.27306,-81.03055,33,1
Votran,29.2552,-81.03049,24,1
Votran,29.13493,-81.0308,26,1
Votran,29.19368,-81.03143,34,1
Votran,29.21262,-81.03084,70,1
Votran,29.2747,-81.0314,33,1
Votran,29.23212,-81.03155,12,1
Votran,29.1948,-81.03169,88,1
Votran,29.18916,-81.03171,56,1
Votran,29.23221,-81.03174,25,1
Votran,29.22912,-81.03226,49,1
Votran,29.25888,-81.03237,24,1
Votran,29.21551,-81.03264,37,1
Votran,29.19761,-81.033,34,1
Votran,29.19752,-81.03304,54,1
Votran,29.279,-81.03347,98,1
Votran,29.1989,-81.03377,88,1
Votran,29.14987,-81.03509,26,1
Votran,29.14716,-81.03512,26,1
Votran,29.1419,-81.03519,26,1
Votran,29.19934,-81.03524,54,1
Votran,29.23407,-81.03529,85,1
Votran,29.236,-81.03631,36,1
Votran,29.15458,-81.03718,26,1
Votran,29.28791,-81.03806,98,1
Votran,29.23915,-81.03807,85,1
Votran,29.20945,-81.03948,58,1
Votran,29.29205,-81.03986,27,1
Votran,29.29196,-81.03993,67,1
Votran,29.21871,-81.04111,48,1
Votran,29.2453,-81.04147,85,1
Votran,29.20651,-81.04257,85,1
Votran,29.29075,-81.04286,68,1
Votran,29.29001,-81.04476,66,1
Votran,29.20077,-81.04605,47,1
Votran,29.21835,-81.04693,48,1
Votran,29.21944,-81.04786,48,1
Votran,29.25831,-81.04824,49,1
Votran,29.25831,-81.04828,2,1
Votran,29.2041,-81.0487,49,1
Votran,29.19965,-81.04887,47,1
Votran,29.20881,-81.04989,85,1
Votran,29.19222,-81.05296,24,1
Votran,29.26494,-81.05181,85,1
Votran,29.24659,-81.05227,12,1
Votran,29.22132,-81.05234,27,1
Votran,29.24486,-81.0534,12,1
Votran,29.20779,-81.0535,24,1
Votran,29.249,-81.05375,12,1
Votran,29.26806,-81.05384,25,1
Votran,29.2682,-81.05406,10,1
Votran,29.26817,-81.05407,24,1
Votran,29.23225,-81.05457,27,1
Votran,29.28571,-81.0557,66,1
Votran,29.20859,-81.05948,19,1
Votran,29.24552,-81.06121,12,1
Votran,29.20477,-81.06165,19,1
Votran,29.28297,-81.06205,85,1
Votran,29.28319,-81.06212,2,1
Votran,29.2291,-81.06239,28,1
Votran,29.23572,-81.0664,27,1
Votran,29.28251,-81.06679,103,1
Votran,29.35096,-81.06735,25,1
Votran,29.21067,-81.0688,19,1
Votran,29.21334,-81.07025,19,1
Votran,29.21802,-81.0703,19,1
Votran,29.19107,-81.07255,57,1
Votran,29.21275,-81.074,45,1
Votran,29.21329,-81.07404,47,1
Votran,29.26314,-81.07721,28,1
Votran,29.18838,-81.07754,10,1
Votran,29.18501,-81.0776,32,1
Votran,29.18277,-81.07879,10,1
Votran,29.18896,-81.07954,46,1
Votran,29.17907,-81.08047,50,1
Votran,29.27905,-81.07993,51,1
Votran,29.28572,-81.08347,29,1
Votran,29.16813,-81.08636,94,1
Votran,29.2272,-81.08638,46,1
Votran,29.21331,-81.08914,46,1
Votran,29.30421,-81.09289,27,1
Votran,29.31672,-81.10644,27,1
Votran,29.26055,-81.10922,50,1
Votran,29.31982,-81.10978,2,1
Votran,29.25883,-81.11497,120,1
Votran,28.88069,-81.1654,22,1
Votran,28.88871,-81.16547,22,1
Votran,28.89894,-81.16676,22,1
Votran,28.90282,-81.1717,22,1
Votran,28.91484,-81.18199,22,1
Votran,28.92452,-81.19205,7,1
Votran,28.92304,-81.19342,13,1
Votran,28.87777,-81.19569,8,1
Votran,28.92079,-81.19735,13,1
Votran,28.9085,-81.20052,19,1
Votran,28.91262,-81.20223,19,1
Votran,28.91437,-81.20294,19,1
Votran,28.87993,-81.20544,8,1
Votran,28.88308,-81.20929,8,1
Votran,28.88597,-81.20952,14,1
Votran,28.88927,-81.21265,14,1
Votran,28.89064,-81.21671,8,1
Votran,28.89961,-81.21776,14,1
Votran,28.89678,-81.21805,8,1
Votran,28.91726,-81.22069,13,1
Votran,28.91286,-81.22118,19,1
Votran,28.91545,-81.22106,13,1
Votran,28.91555,-81.22117,19,1
Votran,28.9089,-81.223,37,1
Votran,28.90873,-81.22327,24,1
Votran,28.90759,-81.22468,39,1
Votran,28.90762,-81.22468,24,1
Votran,28.90746,-81.22469,14,1
Votran,28.89135,-81.23227,19,1
Votran,28.88912,-81.23365,20,1
Votran,28.8875,-81.23647,20,1
Votran,28.88381,-81.23971,20,1
Votran,28.90101,-81.23964,26,1
Votran,28.88775,-81.24464,7,1
Votran,28.89035,-81.24615,7,1
Votran,28.92524,-81.2473,13,1
Votran,28.89327,-81.24955,13,1
Votran,28.89346,-81.24974,19,1
Votran,28.89523,-81.252,19,1
Votran,28.92533,-81.25404,13,1
Votran,28.89634,-81.25621,19,1
Votran,28.8963,-81.25641,13,1
Votran,28.92358,-81.2575,13,1
Votran,28.91136,-81.25884,13,1
Votran,28.91076,-81.26099,18,1
Votran,29.06373,-81.26172,26,1
Votran,29.06293,-81.26336,28,1
Votran,28.90049,-81.26356,19,1
Votran,28.9003,-81.26351,32,1
Votran,28.90061,-81.2658,19,1
Votran,28.90028,-81.26826,19,1
Votran,29.05854,-81.27284,25,1
Votran,29.0565,-81.27745,24,1
Votran,28.88498,-81.27818,13,1
Votran,29.05543,-81.28079,25,1
Votran,28.88973,-81.2808,19,1
Votran,28.89055,-81.28112,32,1
Votran,28.91665,-81.28598,26,1
Votran,28.89794,-81.28511,19,1
Votran,28.90277,-81.28751,13,1
Votran,28.90398,-81.28824,19,1
Votran,29.05488,-81.28904,25,1
Votran,28.91742,-81.29109,18,1
Votran,29.05483,-81.29348,25,1
Votran,28.91459,-81.29366,97,1
Votran,28.91735,-81.29509,48,1
Votran,28.96831,-81.29876,51,1
Votran,28.96483,-81.29862,51,1
Votran,29.02715,-81.29902,48,1
Votran,28.98087,-81.29927,51,1
Votran,28.98263,-81.29937,51,1
Votran,28.98094,-81.29965,31,1
Votran,28.99543,-81.30241,31,1
Votran,29.00202,-81.30259,31,1
Votran,29.00414,-81.30266,31,1
Votran,28.90947,-81.30331,37,1
Votran,28.89853,-81.30532,30,1
Votran,28.89672,-81.30544,30,1
Votran,29.04274,-81.30558,29,1
Votran,29.0722,-81.30612,6,1
Votran,28.88324,-81.3086,37,1
Votran,28.88191,-81.30886,26,1
Votran,29.1188,-81.35191,6,1
Votran,29.13989,-81.35971,6,1
Votran,29.18729,-81.42107,6,1
Votran,29.21255,-81.45641,6,1
Votran,29.21832,-81.4631,6,1
Votran,29.24516,-81.46321,6,1
Votran,29.24333,-81.46419,6,1
Votran,29.24305,-81.46423,6,1
Votran,29.2223,-81.4645,6,1
Votran,29.22434,-81.46522,6,1
Votran,29.22735,-81.46628,6,1
Votran,29.24315,-81.46663,6,1
Votran,29.24506,-81.46739,6,1
Votran,29.24755,-81.46894,6,1
Votran,29.25674,-81.47342,6,1
Votran,29.2579,-81.47398,6,1
Votran,29.29978,-81.48486,6,1
Votran,29.30762,-81.48843,6,1
Votran,29.3138,-81.49116,6,1
Votran,29.31977,-81.49432,6,1
Votran,29.31975,-81.49451,6,1
Votran,29.32133,-81.4949,6,1
Votran,29.21756,-81.00356,27,1
Votran,29.20867,-81.01743,34,1
Votran,29.21128,-81.0188,10,1
Votran,29.21628,-81.02139,12,1
Votran,29.1999,-81.05472,10,1
Votran,29.17721,-81.07948,72,1
Votran,29.21947,-81.02772,26,1
Votran,29.20599,-81.05798,82,1
Votran,29.20595,-81.05817,31,1
Votran,28.91151,-81.3029,30,1
Votran,29.05402,-81.32507,29,1
Votran,28.87074,-81.16263,58,1
Votran,28.87744,-81.18528,14,1
Votran,28.92562,-81.19105,30,1
Votran,28.89501,-81.21797,14,1
Votran,28.90778,-81.22437,17,1
Votran,28.93021,-81.22467,32,1
Votran,28.89156,-81.23202,20,1
Votran,28.88358,-81.24031,20,1
Votran,28.89708,-81.27079,32,1
Votran,29.0617,-81.3044,44,1
Votran,28.98783,-80.9056,30,1
Votran,29.0261,-80.92738,32,1
Votran,29.03102,-80.92878,32,1
Votran,29.13613,-80.96061,25,1
Votran,29.11334,-80.98189,81,1
Votran,29.11406,-80.98265,81,1
Votran,29.18863,-80.98934,56,1
Votran,29.18201,-81.00762,61,1
Votran,29.17906,-81.02898,84,1
Votran,29.18406,-81.02993,84,1
Votran,29.29889,-81.04993,24,1
Votran,29.30522,-81.0528,24,1
Votran,29.35015,-81.06688,25,1
Votran,29.30239,-81.06801,24,1
Votran,29.25028,-81.07391,27,1
Votran,29.26375,-81.07733,27,1
Votran,29.16972,-81.07959,50,1
Votran,29.26936,-81.09983,24,1
Votran,28.90548,-81.20297,19,1
Votran,28.89023,-81.21603,14,1
Votran,28.90314,-81.22871,31,1
Votran,28.90391,-81.23291,31,1
Votran,28.90174,-81.239,31,1
Votran,28.88338,-81.24005,20,1
Votran,28.90186,-81.2417,26,1
Votran,28.87887,-81.24423,13,1
Votran,28.87891,-81.24426,13,1
Votran,28.8781,-81.24781,20,1
Votran,28.87819,-81.2482,20,1
Votran,28.87432,-81.25291,20,1
Votran,28.8692,-81.25299,13,1
Votran,28.87412,-81.25303,20,1
Votran,28.86915,-81.25314,7,1
Votran,28.90794,-81.28993,32,1
Votran,29.06085,-81.30459,37,1
Votran,29.34008,-81.49927,6,1
Votran,29.32968,-81.49664,6,1
Votran,29.17766,-81.0229,26,1
Votran,29.24869,-81.02728,24,1
Votran,29.19985,-81.05473,69,1
Votran,29.20314,-81.05647,34,1
Votran,29.19422,-81.0676,50,1
Votran,29.27217,-81.09671,24,1
Votran,29.03226,-81.30337,59,1
Votran,29.03223,-81.30356,42,1
Votran,29.14469,-81.0145,50,1
Votran,29.14438,-81.01437,50,1
Votran,29.11432,-81.01851,50,1
Votran,29.10688,-81.01883,50,1
Votran,29.10687,-81.02017,50,1
Votran,29.10689,-81.02203,50,1
Votran,29.11676,-81.02316,100,1
Votran,29.10692,-81.02397,50,1
Votran,29.10697,-81.02574,50,1
Votran,29.10818,-81.02657,50,1
Votran,29.2308,-81.02852,12,1
Votran,29.23063,-81.02867,49,1
Votran,29.24561,-81.01726,65,1
Votran,29.21536,-81.02073,123,1
Votran,29.28286,-81.03546,98,1
Votran,29.28275,-81.03545,95,1
Votran,29.24867,-81.07298,28,1
Votran,29.10242,-81.21124,25,1
Votran,29.10207,-81.21407,24,1
Votran,28.86624,-81.25466,13,1
Votran,28.86624,-81.25465,7,1
Votran,29.06496,-81.25973,25,1
Votran,29.06509,-81.26022,24,1
Votran,28.9128,-81.28815,7,1
Votran,29.04244,-81.31995,29,1
Votran,29.22483,-81.01363,160,1
Votran,28.99509,-80.90928,30,1
Votran,29.21618,-81.00288,108,1
Votran,29.22821,-81.01543,160,1
Votran,29.27089,-81.0297,98,1
Votran,29.21488,-81.0343,108,1
Votran,29.21341,-81.06236,43,1
Votran,28.87918,-81.16526,36,1
Votran,28.87997,-81.16523,16,1
Votran,29.1176,-81.02223,26,1
Votran,29.31838,-81.06109,24,1
Votran,29.23221,-81.06426,28,1
Votran,29.25535,-81.02189,98,1
Votran,29.21878,-81.05692,27,1
Votran,29.15577,-81.10257,47,1
Votran,28.91277,-81.29249,67,1
Votran,28.91188,-81.2976,37,1
Votran,28.91197,-81.29814,30,1
Votran,29.21216,-81.04081,27,1
Votran,29.21214,-81.04095,26,1
Votran,29.21151,-81.04247,26,1
Votran,29.2109,-81.04382,27,1
Votran,29.20924,-81.04804,26,1
Votran,29.2076,-81.04817,27,1
Votran,29.22239,-81.04874,26,1
Votran,29.20832,-81.04938,26,1
Votran,29.20921,-81.05001,26,1
Votran,29.19244,-81.05134,23,1
Votran,29.21233,-81.05169,27,1
Votran,29.21263,-81.05176,26,1
Votran,29.21398,-81.05265,27,1
Votran,29.21431,-81.05264,26,1
Votran,29.19525,-81.05277,24,1
Votran,29.21667,-81.05395,27,1
Votran,29.21945,-81.05548,26,1
Votran,29.19533,-81.056,24,1
Votran,29.20273,-81.05635,45,1
Votran,29.19543,-81.05606,23,1
Votran,29.19478,-81.05747,24,1
Votran,29.19272,-81.06044,24,1
Votran,29.19268,-81.0609,23,1
Votran,29.19253,-81.06218,23,1
Votran,29.19444,-81.06236,24,1
Votran,29.26151,-81.07577,28,1
Votran,29.26174,-81.08097,26,1
Votran,29.2787,-81.08266,24,1
Votran,29.283,-81.08259,29,1
Votran,29.28046,-81.08268,29,1
Votran,29.27886,-81.08342,24,1
Votran,29.26173,-81.09425,26,1
Votran,29.26028,-81.09817,26,1
Votran,29.25266,-81.10184,26,1
Votran,29.04257,-81.31731,29,1
Votran,29.25013,-81.1093,26,1
Votran,29.25125,-81.11065,24,1
Votran,29.25143,-81.11058,26,1
Votran,29.2575,-81.1129,22,1
Votran,29.25744,-81.11306,24,1
Votran,29.10902,-81.03463,52,1
Votran,29.19281,-81.05334,23,1
Votran,29.20131,-81.07113,22,1
Votran,29.22431,-81.09319,22,1
Votran,29.22457,-81.0942,24,1
Votran,29.23763,-81.09837,22,1
Votran,29.23652,-81.09828,24,1
Votran,29.24983,-81.10914,24,1
Votran,29.25044,-81.10944,22,1
Votran,29.08082,-80.92583,50,1
Votran,29.19991,-80.99501,71,1
Votran,29.2294,-81.01604,160,1
Votran,29.20968,-81.05024,26,1
Votran,29.28252,-81.06957,70,1
Votran,29.28814,-81.07325,63,1
Votran,29.26268,-81.07819,26,1
Votran,29.27325,-81.08251,27,1
Votran,29.26174,-81.08911,26,1
Votran,29.12683,-81.00472,50,1
Votran,29.12778,-81.00512,27,1
Votran,29.12748,-81.00542,24,1
Votran,29.12404,-81.00555,286,2
Votran,29.11634,-81.02298,26,1
Votran,29.19992,-81.04841,46,1
Votran,29.00487,-80.91587,23,1
Votran,29.15128,-80.96913,91,1
Votran,29.20428,-81.01567,50,1
Votran,29.20625,-81.01655,50,1
Votran,29.29194,-81.03986,74,1
Votran,29.21834,-81.05054,47,1
Votran,29.18044,-81.07998,24,1
Votran,29.21213,-81.00133,96,1
Votran,29.22189,-81.00579,84,1
Votran,29.2218,-81.00595,75,1
Votran,29.25532,-81.0467,85,1
Votran,29.29078,-81.06981,51,1
Votran,29.16079,-81.09554,22,1
Votran,29.20212,-81.01522,25,1
Votran,29.02341,-80.92642,30,1
Votran,29.20205,-81.01528,34,1
Votran,29.20126,-81.01731,24,1
Votran,29.20795,-81.01713,116,1
Votran,29.21185,-81.01914,116,1
Votran,29.20124,-81.03453,34,1
Votran,29.21271,-81.01954,183,2
Votran,29.21729,-81.02162,135,1
Votran,29.27528,-81.03172,62,1
Votran,29.27567,-81.03175,98,1
Votran,29.21813,-81.05033,1,1
Votran,29.1672,-81.0871,26,1
Votran,29.15262,-81.10623,25,1
Votran,29.15189,-81.10871,25,1
Votran,29.13644,-81.14228,23,1
Votran,29.13654,-81.14231,25,1
Votran,29.13412,-81.14924,24,1
Votran,28.88233,-81.277,25,1
Votran,28.91055,-81.29334,166,1
Votran,29.24197,-81.05017,12,1
Votran,29.10551,-81.03207,26,1
Votran,29.21932,-81.07037,19,1
Votran,28.89151,-81.16538,22,1
Votran,28.8907,-81.16556,14,1
Votran,28.88784,-81.2099,14,1
Votran,28.86538,-81.25528,13,1
Votran,28.86544,-81.25544,7,1
Votran,29.20343,-81.03963,47,1
Votran,29.33392,-81.05945,25,1
Votran,28.92899,-81.22296,32,1
Votran,28.89406,-81.28293,32,1
Votran,28.89403,-81.28305,19,1
Votran,29.19777,-81.05358,1,1
Votran,29.18836,-81.0766,1,1
Votran,29.1945,-81.06278,24,1
Votran,29.19443,-81.06336,27,1
Votran,29.14338,-80.99118,82,1
Votran,29.12774,-81.00456,32,1
Votran,29.12161,-81.00813,51,1
Votran,29.12344,-81.01242,25,1
Votran,29.12343,-81.01251,26,1
Votran,29.13197,-81.02118,26,1
Votran,29.21251,-81.02361,47,1
Votran,29.26422,-81.02659,27,1
Votran,29.26268,-81.02655,118,1
Votran,29.28984,-81.04575,41,1
Votran,29.28507,-81.06327,31,1
Votran,29.28442,-81.06491,31,1
Votran,29.28341,-81.06739,31,1
Votran,29.28094,-81.06882,82,1
Votran,29.24608,-81.10614,46,1
Votran,29.20881,-81.04987,27,1
Votran,28.92452,-81.18953,10,1
Votran,28.92967,-81.2227,5,1
Votran,28.92871,-81.223,5,1
Votran,28.8972,-81.27161,15,1
Votran,28.91119,-81.2763,18,1
Votran,28.91143,-81.29464,37,1
Votran,28.94905,-81.29875,51,1
Votran,28.95044,-81.29886,31,1
Votran,28.93968,-81.29886,51,1
Votran,28.94866,-81.29891,45,1
Votran,28.93938,-81.29897,31,1
Votran,28.98376,-81.29949,42,1
Votran,29.05638,-81.29994,176,1
Votran,28.9127,-81.30256,12,1
Votran,29.02263,-81.30207,101,1
Votran,28.91306,-81.30261,14,1
Votran,28.99966,-81.30241,51,1
Votran,28.99862,-81.30252,31,1
Votran,29.00659,-81.30265,51,1
Votran,29.05458,-81.30571,48,1
Votran,29.04268,-81.31691,48,1
Votran,28.856,-81.32301,51,1
Votran,29.23054,-81.01064,605,3
Votran,29.17109,-81.03825,27,1
Votran,28.91182,-81.2953,13,1
Votran,28.95206,-81.2989,11,1
Votran,28.94914,-81.29878,12,1
Votran,28.9345,-81.29883,51,1
Votran,28.93415,-81.29898,31,1
Votran,29.05443,-81.31604,48,1
Votran,28.99158,-80.90786,30,1
Votran,29.26288,-81.02608,25,1
Votran,29.26314,-81.02616,25,1
Votran,29.384,-81.08766,24,1
Votran,29.31709,-81.49291,6,1
Votran,29.15573,-81.10254,25,1
Votran,29.0549,-81.2939,24,1
Votran,29.05519,-81.29818,69,1
Votran,29.21633,-81.02574,121,1
Votran,29.04892,-80.93648,32,1
Votran,29.08269,-80.96544,30,1
Votran,29.10732,-80.97328,30,1
Votran,29.30411,-81.09338,25,1
Votran,29.10807,-80.97526,81,1
Votran,29.02639,-80.92174,170,1
Votran,29.13056,-81.02451,24,1
Votran,29.12994,-81.02526,26,1
Votran,29.17428,-81.03137,26,1
Votran,29.1394,-81.14546,24,1
Votran,28.90102,-81.23962,5,1
Votran,29.21397,-81.02438,25,1
Votran,28.87861,-81.17866,14,1
Votran,29.17956,-81.08057,25,1
Votran,29.1405,-81.12648,25,1
Votran,29.31712,-81.49277,6,1
Votran,29.0293,-80.8918,24,1
Votran,29.0286,-80.8957,24,1
Votran,29.0287,-80.9005,24,1
Votran,29.0291,-80.901,24,1
Votran,29.022,-80.9222,24,1
Votran,29.0221,-80.9225,24,1
Votran,29.01931,-80.92905,24,1
Votran,29.02208,-80.93025,24,1
Votran,29.02073,-80.93347,24,1
Votran,29.01821,-80.93681,24,1
Votran,29.0149,-80.9412,24,1
Votran,29.01447,-80.94283,24,1
Votran,29.0135,-80.9468,24,1
Votran,29.01367,-80.94769,24,1
Votran,29.01326,-80.95655,24,1
Votran,29.0135,-80.95728,24,1
Votran,29.01312,-80.96357,24,1
Votran,29.0134,-80.9641,24,1
Votran,29.013,-80.9695,24,1
Votran,29.0133,-80.9707,24,1
Votran,29.01294,-80.97478,24,1
Votran,29.0132,-80.9758,24,1
Votran,29.0131,-80.9813,24,1
Votran,29.01271,-80.98396,24,1
Votran,29.01387,-80.994,48,1
Votran,28.92762,-81.18893,16,1
Votran,28.92796,-81.19438,8,1
Votran,28.9281,-81.19438,8,1
Votran,28.93652,-81.21485,8,1
Votran,28.93697,-81.21539,8,1
Votran,28.94072,-81.22099,8,1
Votran,28.93845,-81.22299,16,1
Votran,28.93837,-81.22316,16,1
Votran,28.93442,-81.22347,16,1
Votran,28.94413,-81.22596,8,1
Votran,28.94475,-81.22645,8,1
Votran,28.94465,-81.23303,16,1
Votran,28.94788,-81.24506,8,1
Votran,28.94838,-81.24814,8,1
Votran,28.9486,-81.24895,8,1
Votran,28.94344,-81.25535,16,1
Votran,28.95728,-81.25562,16,1
Votran,28.86797,-81.26684,7,1
Votran,28.86794,-81.26695,13,1
Votran,28.93044,-81.22338,16,1
